{
  "accuracy": 0.8043478346556752,
  "f1_macro": 0.8130865370433437,
  "precision_macro": 0.8292620230508027,
  "recall_macro": 0.7998033896543789,
  "map50": 0.8043478346556752,
  "map": 0.5866559475524666,
  "per_class": {
    "rampDown": {
      "precision": 0.9535986186582961,
      "recall": 1.0,
      "mAP50": 0.995,
      "mAP50-95": 0.7072108868719205,
      "f1": 0.9762477526620463
    },
    "rampUp": {
      "precision": 0.9538667400133164,
      "recall": 0.899410168963137,
      "mAP50": 0.9146296797294609,
      "mAP50-95": 0.7716931971737588,
      "f1": 0.9258378807067449
    },
    "ramps-railing": {
      "precision": 0.5803207104807954,
      "recall": 0.5,
      "mAP50": 0.5034138242375644,
      "mAP50-95": 0.2810637586117203,
      "f1": 0.5371739777612399
    }
  },
  "best_experiment": "baseline",
  "onnx_model": "models/optimized_model_v1.onnx"
}